index,FlightDate,Origin,Dest,Reporting_Airline,Tail_Number,Flight_Number_Reporting_Airline,CRSDepTime,DepTime,CRSArrTime,ArrTime,WheelsOff,WheelsOn,CarrierDelay,WeatherDelay,NASDelay,SecurityDelay,LateAircraftDelay,Cancelled,Diverted,CancellationCode
1484813,2010-03-07,LGA,IAH,CO,N24211,633,545,540,830,817,553,812,0,0,0,0,0,False,False,Z
1484814,2010-03-07,LGA,MIA,AA,N5BYAA,2257,600,603,905,838,617,832,0,0,0,0,0,False,False,Z
1484815,2010-03-07,FLL,LGA,B6,N658JB,370,600,554,850,842,605,837,0,0,0,0,0,False,False,Z
1484816,2010-03-07,LGA,FLL,B6,N534JB,371,600,600,859,835,620,831,0,0,0,0,0,False,False,Z
1484817,2010-03-07,LGA,ATL,DL,N6708D,1769,600,554,839,800,611,755,0,0,0,0,0,False,False,Z
1484818,2010-03-07,LGA,ATL,FL,N292AT,359,600,550,836,757,559,743,0,0,0,0,0,False,False,Z
1484819,2010-03-07,DTW,LGA,MQ,N734MQ,4577,600,554,750,720,606,717,0,0,0,0,0,False,False,Z
1484820,2010-03-07,JAX,LGA,OH,N693CA,6503,600,550,833,830,625,821,0,0,0,0,0,False,False,Z
1484821,2010-03-07,LGA,CVG,OH,N374CA,6600,600,656,825,852,719,845,0,0,27,0,0,False,False,Z
1484822,2010-03-07,LGA,DFW,AA,N482AA,705,605,600,915,840,614,829,0,0,0,0,0,False,False,Z
1484823,2010-03-07,LGA,DTW,DL,N372NW,2283,605,559,805,744,619,739,0,0,0,0,0,False,False,Z
1484824,2010-03-07,LGA,RDU,MQ,N711MQ,4424,605,558,740,721,614,719,0,0,0,0,0,False,False,Z
1484825,2010-03-07,RDU,LGA,9E,87219E,882,610,714,805,846,730,836,0,41,0,0,0,False,False,Z
1484826,2010-03-07,LGA,ORD,AA,N4XJAA,301,610,559,740,720,615,708,0,0,0,0,0,False,False,Z
1484827,2010-03-07,MSY,LGA,DL,N357NB,2452,610,607,1001,1030,630,1021,0,0,29,0,0,False,False,Z
1484828,2010-03-07,LGA,CLE,CO,N13624,1621,615,608,755,734,621,729,0,0,0,0,0,False,False,Z
1484829,2010-03-07,LEX,LGA,OH,N963CA,6680,615,615,825,813,633,806,0,0,0,0,0,False,False,Z
1484830,2010-03-07,LGA,MSP,DL,N361NB,2197,620,614,830,812,642,808,0,0,0,0,0,False,False,Z
1484831,2010-03-07,LGA,CLT,US,N179UW,883,625,615,829,830,702,824,0,0,0,0,0,False,False,Z
1484832,2010-03-07,MIA,LGA,AA,N5DXAA,1114,630,627,930,925,637,923,0,0,0,0,0,False,False,Z
1484833,2010-03-07,LGA,IAH,CO,N24715,333,630,625,928,930,700,919,0,0,0,0,0,False,False,Z
1484834,2010-03-07,LGA,MCO,DL,N972DL,1515,630,627,931,904,651,856,0,0,0,0,0,False,False,Z
1484835,2010-03-07,BOS,LGA,MQ,N739MQ,4420,630,623,745,716,636,713,0,0,0,0,0,False,False,Z
1484836,2010-03-07,STL,LGA,AA,N558AA,2028,635,628,1000,940,643,937,0,0,0,0,0,False,False,Z
1484837,2010-03-07,CAK,LGA,FL,N895AT,199,635,645,810,816,709,807,0,0,0,0,0,False,False,Z
1484838,2010-03-07,LGA,MKE,FL,N285AT,216,640,649,805,754,701,746,0,0,0,0,0,False,False,Z
1484839,2010-03-07,ORD,LGA,AA,N562AA,394,645,640,955,924,650,921,0,0,0,0,0,False,False,Z
1484840,2010-03-07,TPA,LGA,DL,N364NB,2254,650,654,929,935,704,926,0,0,0,0,0,False,False,Z
1484841,2010-03-07,LGA,DFW,AA,N465AA,707,655,650,1000,932,707,922,0,0,0,0,0,False,False,Z
1484842,2010-03-07,LGA,FLL,DL,N948DL,1097,700,658,1014,940,711,936,0,0,0,0,0,False,False,Z
1484843,2010-03-07,FLL,LGA,DL,N967DL,1156,700,838,1002,1138,849,1126,0,0,96,0,0,False,False,Z
1484844,2010-03-07,MCO,LGA,DL,N921DL,1482,700,658,940,1021,745,1010,0,0,41,0,0,False,False,Z
1484845,2010-03-07,LGA,ATL,DL,N6700,1771,700,654,941,923,724,916,0,0,0,0,0,False,False,Z
1484846,2010-03-07,RSW,LGA,DL,N355NB,2244,700,750,948,1127,809,1101,0,0,99,0,0,False,False,Z
1484847,2010-03-07,MSP,LGA,DL,N368NB,2356,700,703,1047,1034,716,1024,0,0,0,0,0,False,False,Z
1484848,2010-03-07,PBI,LGA,DL,N320NB,2458,700,759,958,1053,815,1047,0,55,0,0,0,False,False,Z
1484849,2010-03-07,CVG,LGA,OH,N597SW,6441,700,655,926,905,723,854,0,0,0,0,0,False,False,Z
1484850,2010-03-07,DFW,LGA,AA,N468AA,704,705,658,1130,1107,706,1102,0,0,0,0,0,False,False,Z
1484851,2010-03-07,LGA,MIA,AA,N634AA,1195,705,732,1015,1000,742,957,0,0,0,0,0,False,False,Z
1484852,2010-03-07,LGA,TPA,DL,N941DL,1549,705,657,1020,948,716,945,0,0,0,0,0,False,False,Z
1484853,2010-03-07,RDU,LGA,MQ,N856MQ,4427,705,702,845,831,721,827,0,0,0,0,0,False,False,Z
1484854,2010-03-07,LGA,IAH,CO,N17644,733,708,658,1004,944,719,938,0,0,0,0,0,False,False,Z
1484855,2010-03-07,IAD,LGA,YV,N75994,7209,709,700,833,752,711,750,0,0,0,0,0,False,False,Z
1484856,2010-03-07,BOS,LGA,MQ,N717MQ,4490,720,726,835,821,740,818,0,0,0,0,0,False,False,Z
1484857,2010-03-07,BNA,LGA,AA,N452AA,1088,725,718,1040,1035,736,1031,0,0,0,0,0,False,False,Z
1484858,2010-03-07,LGA,ORD,UA,N809UA,689,726,720,905,843,730,818,0,0,0,0,0,False,False,Z
1484859,2010-03-07,LGA,ORD,AA,N5CRAA,2253,730,727,905,832,737,824,0,0,0,0,0,False,False,Z
1484860,2010-03-07,LGA,BWI,WN,N941WN,65,730,732,855,829,749,825,0,0,0,0,0,False,False,Z
1484861,2010-03-07,LGA,PBI,B6,N633JB,363,735,733,1030,959,747,955,0,0,0,0,0,False,False,Z
1484862,2010-03-07,ATL,LGA,DL,N695DL,1770,740,740,1000,1024,805,1012,0,0,24,0,0,False,False,Z
1484863,2010-03-07,LGA,PBI,DL,N325NB,2425,745,738,1054,1020,757,1011,0,0,0,0,0,False,False,Z
1484864,2010-03-07,LGA,ORD,AA,N456AA,309,750,755,930,948,810,903,0,0,18,0,0,False,False,Z
1484865,2010-03-07,MIA,LGA,AA,N3CMAA,1256,750,747,1045,1048,802,1044,0,0,0,0,0,False,False,Z
1484866,2010-03-07,LGA,DEN,UA,N454UA,361,754,752,1031,1015,802,1000,0,0,0,0,0,False,False,Z
1484867,2010-03-07,LGA,DFW,AA,N570AA,709,755,752,1110,1039,813,1033,0,0,0,0,0,False,False,Z
1484868,2010-03-07,CMH,LGA,MQ,N735MQ,4535,755,751,940,919,806,915,0,0,0,0,0,False,False,Z
1484869,2010-03-07,RDU,LGA,OH,N695CA,6440,755,745,943,940,826,932,0,0,0,0,0,False,False,Z
1484870,2010-03-07,IAH,LGA,CO,N76269,332,758,756,1229,1213,808,1209,0,0,0,0,0,False,False,Z
1484871,2010-03-07,LGA,STL,AA,N525AA,1855,800,752,950,925,803,921,0,0,0,0,0,False,False,Z
1484872,2010-03-07,LGA,ATL,DL,N6703D,1773,800,752,1046,1017,825,1011,0,0,0,0,0,False,False,Z
1484873,2010-03-07,LGA,ATL,FL,N942AT,363,800,807,1030,1031,838,1024,0,0,0,0,0,False,False,Z
1484874,2010-03-07,LGA,RDU,MQ,N723MQ,4439,800,754,945,929,811,914,0,0,0,0,0,False,False,Z
1484875,2010-03-07,LGA,BOS,MQ,N721MQ,4502,800,753,905,851,808,847,0,0,0,0,0,False,False,Z
1484876,2010-03-07,PHF,LGA,FL,N960AT,642,805,802,922,905,811,901,0,0,0,0,0,False,False,Z
1484877,2010-03-07,RDU,LGA,MQ,N711MQ,4410,805,758,945,917,807,912,0,0,0,0,0,False,False,Z
1484878,2010-03-07,DFW,LGA,AA,N572AA,708,810,804,1235,1207,815,1204,0,0,0,0,0,False,False,Z
1484879,2010-03-07,CLE,LGA,CO,N24729,1575,810,759,944,908,806,905,0,0,0,0,0,False,False,Z
1484880,2010-03-07,LGA,MSY,DL,N366NB,2521,810,831,1049,1045,854,1037,0,0,0,0,0,False,False,Z
1484881,2010-03-07,CLT,LGA,US,N742PS,1050,810,828,958,1003,838,959,0,0,0,0,0,False,False,Z
1484882,2010-03-07,LGA,CLT,US,N180US,1509,810,800,1016,1006,819,935,0,0,0,0,0,False,False,Z
1484883,2010-03-07,LGA,MIA,AA,N619AA,2023,815,816,1130,1057,829,1042,0,0,0,0,0,False,False,Z
1484884,2010-03-07,LGA,MSP,DL,N337NB,2525,820,812,1035,1009,835,1002,0,0,0,0,0,False,False,Z
1484885,2010-03-07,ATL,LGA,FL,N988AT,360,820,825,1033,1038,848,1035,0,0,0,0,0,False,False,Z
1484886,2010-03-07,ORD,LGA,AA,N526AA,386,825,825,1135,1116,837,1113,0,0,0,0,0,False,False,Z
1484887,2010-03-07,DEN,LGA,UA,N523UA,358,826,957,1405,1520,1007,1516,9,0,0,0,66,False,False,Z
1484888,2010-03-07,FLL,LGA,DL,N973DL,1252,830,852,1130,1200,915,1154,0,0,30,0,0,False,False,Z
1484889,2010-03-07,MKE,LGA,FL,N983AT,351,830,827,1129,1123,838,1119,0,0,0,0,0,False,False,Z
1484890,2010-03-07,LGA,CLE,MQ,N739MQ,4558,830,823,1025,1002,832,943,0,0,0,0,0,False,False,Z
1484891,2010-03-07,LGA,BNA,MQ,N734MQ,4567,830,822,1005,935,831,926,0,0,0,0,0,False,False,Z
1484892,2010-03-07,ATL,LGA,DL,N615DL,1772,840,840,1110,1121,918,1105,0,0,0,0,0,False,False,Z
1484893,2010-03-07,DTW,LGA,DL,N349NB,2374,840,836,1033,1011,850,1003,0,0,0,0,0,False,False,Z
1484894,2010-03-07,LGA,DTW,DL,N751NW,7259,845,842,1106,1029,902,1023,0,0,0,0,0,False,False,Z
1484895,2010-03-07,MEM,LGA,DL,N336NB,2482,850,848,1229,1254,946,1249,0,0,25,0,0,False,False,Z
1484896,2010-03-07,LGA,DFW,AA,N514AA,713,855,847,1210,1135,856,1125,0,0,0,0,0,False,False,Z
1484897,2010-03-07,BWI,LGA,WN,N755SA,767,855,852,1005,948,907,945,0,0,0,0,0,False,False,Z
1484898,2010-03-07,LGA,ATL,DL,N653DL,1775,859,854,1153,1114,918,1103,0,0,0,0,0,False,False,Z
1484899,2010-03-07,LGA,ORD,AA,N441AA,313,900,854,1050,1018,907,955,0,0,0,0,0,False,False,Z
1484900,2010-03-07,MCO,LGA,DL,N969DL,1118,900,855,1139,1153,932,1143,0,0,0,0,0,False,False,Z
1484901,2010-03-07,TPA,LGA,DL,N334NB,2164,900,858,1141,1148,919,1138,0,0,0,0,0,False,False,Z
1484902,2010-03-07,LGA,DEN,F9,N947FR,505,900,904,1137,1126,916,1115,0,0,0,0,0,False,False,Z
1484903,2010-03-07,LGA,RDU,OH,N582CA,6537,900,910,1112,1107,945,1056,0,0,0,0,0,False,False,Z
1484904,2010-03-07,BOS,LGA,US,N944UW,2121,900,856,1017,1004,912,1000,0,0,0,0,0,False,False,Z
1484905,2010-03-07,DCA,LGA,US,N754UW,2164,900,854,1025,951,905,947,0,0,0,0,0,False,False,Z
1484906,2010-03-07,LGA,BOS,US,N949UW,2120,900,850,1014,949,903,946,0,0,0,0,0,False,False,Z
1484907,2010-03-07,LGA,DCA,US,N763US,2167,900,848,1020,941,858,939,0,0,0,0,0,False,False,Z
1484908,2010-03-07,DFW,LGA,AA,N4XUAA,710,905,903,1329,1317,914,1308,0,0,0,0,0,False,False,Z
1484909,2010-03-07,LGA,PHF,FL,N895AT,282,905,856,1036,957,908,954,0,0,0,0,0,False,False,Z
1484910,2010-03-07,LGA,SAV,OH,N963CA,6471,910,930,1202,1153,1003,1145,0,0,0,0,0,False,False,Z
1484911,2010-03-07,LGA,ORD,UA,N553UA,661,914,920,1104,1039,944,1033,0,0,0,0,0,False,False,Z
1484912,2010-03-07,IAH,LGA,CO,N59630,232,915,906,1355,1325,920,1320,0,0,0,0,0,False,False,Z
1484913,2010-03-07,LGA,DTW,MQ,N730MQ,4499,915,908,1130,1054,920,1045,0,0,0,0,0,False,False,Z
1484914,2010-03-07,CVG,LGA,OH,N549CA,6433,920,920,1132,1139,938,1111,0,0,0,0,0,False,False,Z
1484915,2010-03-07,LGA,JAX,OH,N693CA,6604,920,910,1220,1139,940,1134,0,0,0,0,0,False,False,Z
1484916,2010-03-07,LGA,IAD,YV,N75994,7266,926,919,1103,1026,932,1019,0,0,0,0,0,False,False,Z
1484917,2010-03-07,LGA,BOS,DL,N905DE,1376,930,928,1049,1029,940,1021,0,0,0,0,0,False,False,Z
1484918,2010-03-07,IND,LGA,FL,N899AT,890,930,1004,1140,1152,1019,1147,0,0,0,0,0,False,False,Z
1484919,2010-03-07,LGA,FLL,B6,N658JB,375,935,921,1252,1149,934,1146,0,0,0,0,0,False,False,Z
1484920,2010-03-07,RDU,LGA,MQ,N809MQ,4422,935,926,1115,1107,944,1052,0,0,0,0,0,False,False,Z
1484921,2010-03-07,ATL,LGA,DL,N6712B,1774,940,939,1202,1225,1028,1214,0,0,23,0,0,False,False,Z
1484922,2010-03-07,ORD,LGA,AA,N455AA,382,945,942,1255,1233,955,1230,0,0,0,0,0,False,False,Z
1484923,2010-03-07,FLL,LGA,B6,N534JB,372,945,939,1237,1222,951,1219,0,0,0,0,0,False,False,Z
1484924,2010-03-07,BOS,LGA,MQ,N848MQ,4495,945,937,1100,1055,954,1049,0,0,0,0,0,False,False,Z
1484925,2010-03-07,LGA,DFW,AA,N4WVAA,721,955,952,1320,1302,1013,1243,0,0,0,0,0,False,False,Z
1484926,2010-03-07,ORD,LGA,UA,N807UA,669,955,951,1311,1243,1004,1239,0,0,0,0,0,False,False,Z
1484927,2010-03-07,LGA,ORD,UA,N424UA,673,955,946,1135,1050,956,1047,0,0,0,0,0,False,False,Z
1484928,2010-03-07,CLT,LGA,US,N110UW,1910,955,954,1152,1136,1012,1131,0,0,0,0,0,False,False,Z
1484929,2010-03-07,LGA,ATL,DL,N903DE,1777,1000,958,1248,1210,1016,1204,0,0,0,0,0,False,False,Z
1484930,2010-03-07,DTW,LGA,DL,N8925E,7220,1000,953,1157,1203,1041,1153,0,0,0,0,0,False,False,Z
1484931,2010-03-07,MSP,LGA,DL,N322NB,2582,1000,959,1344,1334,1012,1325,0,0,0,0,0,False,False,Z
1484932,2010-03-07,LGA,ATL,FL,N960AT,361,1000,958,1241,1202,1011,1156,0,0,0,0,0,False,False,Z
1484933,2010-03-07,DCA,LGA,US,(null),2166,1000,9999,1117,9999,9999,9999,9999,9999,9999,9999,9999,True,False,A
1484934,2010-03-07,LGA,BOS,US,N951UW,2122,1000,946,1111,1046,1001,1039,0,0,0,0,0,False,False,Z
1484935,2010-03-07,LGA,CLT,US,N770UW,1453,1000,952,1211,1131,1007,1127,0,0,0,0,0,False,False,Z
1484936,2010-03-07,ATL,LGA,FL,N954AT,368,1009,1010,1230,1225,1032,1221,0,0,0,0,0,False,False,Z
1484937,2010-03-07,LGA,IND,9E,87219E,3939,1010,1014,1252,1226,1036,1220,0,0,0,0,0,False,False,Z
1484938,2010-03-07,LGA,ORD,AA,N255AA,319,1010,1004,1200,1113,1016,1104,0,0,0,0,0,False,False,Z
1484939,2010-03-07,DFW,LGA,AA,N4YHAA,718,1010,1009,1440,1421,1023,1417,0,0,0,0,0,False,False,Z
1484940,2010-03-07,MIA,LGA,AA,N610AA,1124,1010,1014,1315,1250,1024,1247,0,0,0,0,0,False,False,Z
1484941,2010-03-07,LGA,MSP,DL,N364NB,2517,1010,1018,1230,1214,1038,1204,0,0,0,0,0,False,False,Z
1484942,2010-03-07,XNA,LGA,MQ,N720MQ,4573,1010,1003,1415,1414,1022,1352,0,0,0,0,0,False,False,Z
1484943,2010-03-07,MDW,LGA,WN,N729SW,344,1010,1005,1320,1303,1013,1254,0,0,0,0,0,False,False,Z
1484944,2010-03-07,LGA,IAD,XE,N14562,5733,1010,1008,1141,1114,1020,1108,0,0,0,0,0,False,False,Z
1484945,2010-03-07,LGA,BHM,OH,N597SW,6490,1015,1010,1222,1205,1043,1157,0,0,0,0,0,False,False,Z
1484946,2010-03-07,LGA,RSW,DL,N335NB,2209,1020,1023,1349,1319,1039,1314,0,0,0,0,0,False,False,Z
1484947,2010-03-07,PBI,LGA,DL,N365NB,2270,1020,1015,1308,1300,1026,1251,0,0,0,0,0,False,False,Z
1484948,2010-03-07,LGA,DEN,UA,N568UA,405,1020,1020,1255,1258,1059,1244,0,0,0,0,0,False,False,Z
1484949,2010-03-07,LGA,MCO,DL,N921DL,1485,1025,1100,1334,1357,1139,1349,0,0,0,0,23,False,False,Z
1484950,2010-03-07,RDU,LGA,OH,N430CA,6541,1025,1025,1210,1200,1048,1151,0,0,0,0,0,False,False,Z
1484951,2010-03-07,LGA,IAH,CO,N24729,1033,1029,1021,1327,1316,1034,1305,0,0,0,0,0,False,False,Z
1484952,2010-03-07,LGA,RDU,MQ,N856MQ,4433,1030,1029,1225,1200,1046,1152,0,0,0,0,0,False,False,Z
1484953,2010-03-07,BNA,LGA,MQ,N734MQ,4645,1030,1025,1355,1405,1037,1326,0,0,0,0,0,False,False,Z
1484954,2010-03-07,LGA,MDW,WN,N755SA,660,1035,1037,1230,1149,1053,1144,0,0,0,0,0,False,False,Z
1484955,2010-03-07,LGA,DTW,DL,N357NB,2539,1038,1112,1250,1310,1135,1253,3,0,0,0,17,False,False,Z
1484956,2010-03-07,MCO,LGA,FL,N336AT,375,1038,1037,1312,1302,1050,1258,0,0,0,0,0,False,False,Z
1484957,2010-03-07,LGA,MIA,AA,N5DXAA,599,1040,1040,1400,1308,1051,1301,0,0,0,0,0,False,False,Z
1484958,2010-03-07,ATL,LGA,DL,N919DL,1776,1040,1036,1302,1247,1054,1239,0,0,0,0,0,False,False,Z
1484959,2010-03-07,DEN,LGA,UA,N569UA,310,1040,1041,1620,1604,1100,1601,0,0,0,0,0,False,False,Z
1484960,2010-03-07,LGA,CVG,OH,N695CA,6463,1043,1043,1315,1240,1103,1235,0,0,0,0,0,False,False,Z
1484961,2010-03-07,STL,LGA,AA,N525AA,1030,1045,1041,1410,1356,1052,1345,0,0,0,0,0,False,False,Z
1484962,2010-03-07,LGA,FLL,DL,N969DL,1503,1045,1244,1409,1541,1315,1537,92,0,0,0,0,False,False,Z
1484963,2010-03-07,LGA,MEM,DL,N320NB,2493,1045,1133,1252,1322,1200,1317,0,0,0,0,30,False,False,Z
1484964,2010-03-07,DEN,LGA,F9,N201FR,510,1045,1045,1627,1622,1103,1614,0,0,0,0,0,False,False,Z
1484965,2010-03-07,CLE,LGA,MQ,N739MQ,4572,1050,1045,1240,1210,1054,1202,0,0,0,0,0,False,False,Z
1484966,2010-03-07,CLE,LGA,XE,N14952,2189,1050,1042,1229,1206,1050,1156,0,0,0,0,0,False,False,Z
1484967,2010-03-07,IAH,LGA,CO,N14652,432,1054,1048,1529,1505,1102,1459,0,0,0,0,0,False,False,Z
1484968,2010-03-07,ORD,LGA,UA,N426UA,678,1055,1051,1405,1402,1118,1356,0,0,0,0,0,False,False,Z
1484969,2010-03-07,LGA,ORD,AA,N562AA,321,1100,1055,1240,1211,1110,1155,0,0,0,0,0,False,False,Z
1484970,2010-03-07,ORD,LGA,AA,N489AA,378,1100,1337,1410,1629,1352,1626,139,0,0,0,0,False,False,Z
1484971,2010-03-07,LGA,DFW,AA,N558AA,725,1100,1052,1415,1335,1108,1330,0,0,0,0,0,False,False,Z
1484972,2010-03-07,FLL,LGA,DL,N923DL,1334,1100,1054,1401,1346,1109,1337,0,0,0,0,0,False,False,Z
1484973,2010-03-07,TPA,LGA,DL,N941DL,1604,1100,1051,1347,1338,1112,1331,0,0,0,0,0,False,False,Z
1484974,2010-03-07,LGA,ATL,DL,N695DL,1779,1100,1107,1349,1320,1123,1311,0,0,0,0,0,False,False,Z
1484975,2010-03-07,LGA,BNA,MQ,N816MQ,4484,1100,1054,1240,1236,1111,1206,0,0,0,0,0,False,False,Z
1484976,2010-03-07,LGA,CMH,MQ,N711MQ,4589,1100,1051,1305,1234,1114,1229,0,0,0,0,0,False,False,Z
1484977,2010-03-07,BOS,LGA,US,N949UW,2125,1100,1053,1218,1213,1113,1206,0,0,0,0,0,False,False,Z
1484978,2010-03-07,DCA,LGA,US,N763US,2168,1100,1056,1214,1149,1104,1146,0,0,0,0,0,False,False,Z
1484979,2010-03-07,LGA,BOS,US,N944UW,2124,1100,1052,1209,1149,1106,1147,0,0,0,0,0,False,False,Z
1484980,2010-03-07,LGA,DCA,US,(null),2171,1100,9999,1220,9999,9999,9999,9999,9999,9999,9999,9999,True,False,A
1484981,2010-03-07,DFW,LGA,AA,N560AA,720,1105,1101,1530,1515,1111,1509,0,0,0,0,0,False,False,Z
1484982,2010-03-07,LGA,CAK,FL,N988AT,202,1108,1116,1248,1230,1125,1227,0,0,0,0,0,False,False,Z
1484983,2010-03-07,MCO,LGA,DL,N907DE,1486,1111,1126,1350,1408,1155,1401,0,0,3,0,15,False,False,Z
1484984,2010-03-07,LGA,TPA,DL,N349NB,2236,1118,1112,1429,1400,1134,1356,0,0,0,0,0,False,False,Z
1484985,2010-03-07,MIA,LGA,AA,N5DWAA,2088,1120,1116,1425,1402,1128,1358,0,0,0,0,0,False,False,Z
1484986,2010-03-07,PBI,LGA,B6,N633JB,362,1120,1112,1409,1355,1124,1350,0,0,0,0,0,False,False,Z
1484987,2010-03-07,MSP,LGA,DL,N319NB,2178,1120,1114,1501,1438,1125,1429,0,0,0,0,0,False,False,Z
1484988,2010-03-07,RDU,LGA,MQ,N815MQ,4486,1120,1111,1305,1304,1127,1236,0,0,0,0,0,False,False,Z
1484989,2010-03-07,BOS,LGA,MQ,N716MQ,4428,1125,1118,1235,1230,1140,1227,0,0,0,0,0,False,False,Z
1484990,2010-03-07,LGA,CLT,US,N754UW,1051,1125,1117,1331,1253,1129,1249,0,0,0,0,0,False,False,Z
1484991,2010-03-07,LGA,BOS,DL,N977DL,1380,1130,1128,1245,1233,1147,1227,0,0,0,0,0,False,False,Z
1484992,2010-03-07,BOS,LGA,DL,N905DE,1383,1130,1130,1247,1248,1145,1243,0,0,0,0,0,False,False,Z
1484993,2010-03-07,LGA,BWI,WN,N918WN,515,1130,1140,1255,1231,1152,1227,0,0,0,0,0,False,False,Z
1484994,2010-03-07,IAH,LGA,CO,N35204,1832,1135,1134,1603,1551,1155,1548,0,0,0,0,0,False,False,Z
1484995,2010-03-07,LGA,MSP,DL,N368NB,2131,1138,1135,1400,1325,1151,1317,0,0,0,0,0,False,False,Z
1484996,2010-03-07,LGA,STL,AA,N452AA,1757,1140,1136,1340,1314,1150,1310,0,0,0,0,0,False,False,Z
1484997,2010-03-07,ATL,LGA,DL,N699DL,1778,1140,1204,1356,1412,1222,1404,16,0,0,0,0,False,False,Z
1484998,2010-03-07,CLT,LGA,US,N189UW,938,1140,1135,1339,1317,1155,1312,0,0,0,0,0,False,False,Z
1484999,2010-03-07,CMH,LGA,MQ,N835MQ,4526,1145,1142,1335,1318,1152,1302,0,0,0,0,0,False,False,Z
1485000,2010-03-07,DTW,LGA,MQ,N730MQ,4554,1155,1144,1350,1320,1154,1310,0,0,0,0,0,False,False,Z
1485001,2010-03-07,LGA,MIA,AA,N3CMAA,2093,1200,1154,1525,1442,1210,1429,0,0,0,0,0,False,False,Z
1485002,2010-03-07,LGA,ATL,DL,N615DL,1781,1200,1250,1444,1538,1342,1532,39,0,4,0,11,False,False,Z
1485003,2010-03-07,MSY,LGA,DL,N366NB,2196,1200,1156,1549,1534,1207,1529,0,0,0,0,0,False,False,Z
1485004,2010-03-07,RDU,LGA,OH,N582CA,6559,1200,1155,1348,1337,1222,1325,0,0,0,0,0,False,False,Z
1485005,2010-03-07,BOS,LGA,US,N951UW,2127,1200,1151,1314,1301,1203,1253,0,0,0,0,0,False,False,Z
1485006,2010-03-07,LGA,BOS,US,N967UW,2126,1200,1150,1307,1245,1203,1243,0,0,0,0,0,False,False,Z
1485007,2010-03-07,LGA,DCA,US,N742PS,2173,1200,1155,1313,1256,1212,1254,0,0,0,0,0,False,False,Z
1485008,2010-03-07,TYS,LGA,9E,80399E,3964,1204,1159,1429,1352,1209,1344,0,0,0,0,0,False,False,Z
1485009,2010-03-07,DTW,LGA,DL,N752NW,7282,1205,1159,1359,1340,1222,1335,0,0,0,0,0,False,False,Z
1485010,2010-03-07,ORD,LGA,AA,N488AA,374,1210,1212,1520,1457,1222,1454,0,0,0,0,0,False,False,Z
1485011,2010-03-07,DFW,LGA,AA,N570AA,728,1210,1201,1635,1612,1217,1605,0,0,0,0,0,False,False,Z
1485012,2010-03-07,LGA,MKE,FL,N983AT,735,1210,1205,1343,1313,1224,1306,0,0,0,0,0,False,False,Z
1485013,2010-03-07,PBI,LGA,DL,N325NB,2377,1212,1206,1500,1452,1216,1445,0,0,0,0,0,False,False,Z
1485014,2010-03-07,LGA,FLL,DL,N973DL,1527,1215,1245,1531,1530,1301,1526,0,0,0,0,0,False,False,Z
1485015,2010-03-07,LGA,MCO,DL,N967DL,1817,1224,1219,1530,1452,1237,1445,0,0,0,0,0,False,False,Z
1485016,2010-03-07,LGA,PBI,DL,N334NB,2551,1226,1231,1537,1527,1254,1522,0,0,0,0,0,False,False,Z
1485017,2010-03-07,FLL,LGA,B6,N519JB,376,1228,1218,1530,1509,1236,1502,0,0,0,0,0,False,False,Z
1485018,2010-03-07,LGA,DFW,AA,N468AA,733,1230,1227,1540,1503,1236,1459,0,0,0,0,0,False,False,Z
1485019,2010-03-07,LGA,IND,FL,N899AT,891,1230,1219,1455,1417,1230,1411,0,0,0,0,0,False,False,Z
1485020,2010-03-07,LGA,RDU,OH,N549CA,6539,1230,1230,1428,1400,1249,1350,0,0,0,0,0,False,False,Z
1485021,2010-03-07,IAD,LGA,EV,N877AS,7027,1232,1230,1354,1336,1251,1333,0,0,0,0,0,False,False,Z
1485022,2010-03-07,SAV,LGA,OH,N963CA,6601,1232,1232,1448,1448,1248,1435,0,0,0,0,0,False,False,Z
1485023,2010-03-07,LGA,DTW,DL,N8925E,7385,1234,1242,1435,1433,1305,1426,0,0,0,0,0,False,False,Z
1485024,2010-03-07,LGA,ORD,AA,N526AA,329,1240,1237,1420,1342,1247,1333,0,0,0,0,0,False,False,Z
1485025,2010-03-07,MIA,LGA,AA,N5CJAA,2016,1240,1348,1545,1636,1401,1632,35,0,0,0,16,False,False,Z
1485026,2010-03-07,ATL,LGA,DL,N673DL,1780,1240,1240,1500,1512,1309,1452,0,0,0,0,0,False,False,Z
1485027,2010-03-07,LGA,CMH,MQ,N716MQ,4578,1250,1247,1440,1433,1308,1428,0,0,0,0,0,False,False,Z
1485028,2010-03-07,JAX,LGA,OH,N693CA,6511,1250,1240,1519,1517,1301,1457,0,0,0,0,0,False,False,Z
1485029,2010-03-07,LGA,CLT,US,N110UW,1437,1259,1257,1501,1451,1332,1447,0,0,0,0,0,False,False,Z
1485030,2010-03-07,ORD,LGA,AA,N581AA,370,1300,1317,1615,1627,1349,1623,0,0,0,0,0,False,False,Z
1485031,2010-03-07,LGA,ATL,DL,N6712B,1783,1300,1326,1543,1543,1353,1539,0,0,0,0,0,False,False,Z
1485032,2010-03-07,MSP,LGA,DL,N369NB,2200,1300,1259,1643,1624,1311,1619,0,0,0,0,0,False,False,Z
1485033,2010-03-07,LGA,RDU,MQ,N848MQ,4477,1300,1254,1440,1432,1318,1425,0,0,0,0,0,False,False,Z
1485034,2010-03-07,LGA,CVG,OH,N430CA,6447,1300,1255,1530,1505,1327,1459,0,0,0,0,0,False,False,Z
1485035,2010-03-07,BHM,LGA,OH,N597SW,6495,1300,1250,1639,1615,1300,1602,0,0,0,0,0,False,False,Z
1485036,2010-03-07,BOS,LGA,US,N944UW,2129,1300,1251,1418,1359,1303,1355,0,0,0,0,0,False,False,Z
1485037,2010-03-07,DCA,LGA,US,N710UW,2172,1300,1256,1425,1358,1311,1353,0,0,0,0,0,False,False,Z
1485038,2010-03-07,LGA,BOS,US,N949UW,2128,1300,1248,1404,1345,1302,1342,0,0,0,0,0,False,False,Z
1485039,2010-03-07,LGA,DCA,US,N763US,2175,1300,1250,1408,1354,1309,1352,0,0,0,0,0,False,False,Z
1485040,2010-03-07,LGA,CLE,XE,N14952,2190,1300,1248,1448,1410,1257,1405,0,0,0,0,0,False,False,Z
1485041,2010-03-07,DFW,LGA,AA,N514AA,732,1305,1303,1735,1712,1317,1708,0,0,0,0,0,False,False,Z
1485042,2010-03-07,LGA,ATL,FL,N954AT,334,1305,1304,1546,1532,1335,1525,0,0,0,0,0,False,False,Z
1485043,2010-03-07,BNA,LGA,MQ,N816MQ,4653,1305,1301,1625,1608,1317,1602,0,0,0,0,0,False,False,Z
1485044,2010-03-07,DEN,LGA,UA,N821UA,776,1310,1449,1858,2025,1510,2021,17,0,0,0,70,False,False,Z
1485045,2010-03-07,LGA,DTW,MQ,N725MQ,4412,1315,1305,1525,1457,1327,1448,0,0,0,0,0,False,False,Z
1485046,2010-03-07,IAH,LGA,CO,N23708,532,1324,1323,1759,1729,1333,1725,0,0,0,0,0,False,False,Z
1485047,2010-03-07,IND,LGA,9E,88399E,3722,1325,1320,1533,1524,1329,1505,0,0,0,0,0,False,False,Z
1485048,2010-03-07,LGA,FLL,B6,N534JB,377,1329,1329,1635,1627,1359,1623,0,0,0,0,0,False,False,Z
1485049,2010-03-07,LGA,BOS,DL,N905DE,1384,1329,1327,1440,1435,1351,1430,0,0,0,0,0,False,False,Z
1485050,2010-03-07,LGA,IAH,CO,N76269,433,1330,1329,1630,1648,1358,1638,0,0,18,0,0,False,False,Z
1485051,2010-03-07,BOS,LGA,DL,N977DL,1387,1330,1327,1446,1442,1341,1436,0,0,0,0,0,False,False,Z
1485052,2010-03-07,LGA,MSP,DL,N336NB,2135,1330,1348,1536,1533,1412,1529,0,0,0,0,0,False,False,Z
1485053,2010-03-07,LGA,BOS,MQ,N730MQ,4511,1330,1403,1440,1502,1422,1459,22,0,0,0,0,False,False,Z
1485054,2010-03-07,LGA,DFW,AA,N572AA,751,1335,1327,1645,1625,1349,1614,0,0,0,0,0,False,False,Z
1485055,2010-03-07,DTW,LGA,DL,N357NB,2336,1335,1509,1526,1721,1603,1714,79,0,21,0,15,False,False,Z
1485056,2010-03-07,ATL,LGA,DL,N978DL,1782,1340,1336,1602,1544,1355,1538,0,0,0,0,0,False,False,Z
1485057,2010-03-07,CMH,LGA,MQ,N711MQ,4590,1340,1336,1530,1510,1350,1504,0,0,0,0,0,False,False,Z
1485058,2010-03-07,LGA,ORD,UA,N807UA,569,1349,1348,1526,1453,1358,1450,0,0,0,0,0,False,False,Z
1485059,2010-03-07,BWI,LGA,WN,N275WN,1628,1350,1407,1500,1505,1422,1501,0,0,0,0,0,False,False,Z
1485060,2010-03-07,LGA,MDW,WN,N729SW,111,1350,1405,1545,1520,1421,1514,0,0,0,0,0,False,False,Z
1485061,2010-03-07,MDW,LGA,WN,N755SA,406,1350,1357,1655,1648,1407,1644,0,0,0,0,0,False,False,Z
1485062,2010-03-07,LGA,MCO,FL,N336AT,376,1352,1344,1649,1627,1405,1616,0,0,0,0,0,False,False,Z
1485063,2010-03-07,LGA,TPA,DL,N365NB,2447,1355,1350,1707,1631,1408,1629,0,0,0,0,0,False,False,Z
1485064,2010-03-07,CVG,LGA,OH,N655CA,6460,1355,1350,1600,1535,1404,1525,0,0,0,0,0,False,False,Z
1485065,2010-03-07,LGA,ATL,DL,N919DL,1785,1359,1404,1647,1621,1424,1615,0,0,0,0,0,False,False,Z
1485066,2010-03-07,LGA,ORD,AA,N455AA,333,1400,1353,1545,1516,1417,1507,0,0,0,0,0,False,False,Z
1485067,2010-03-07,ORD,LGA,AA,N526AA,366,1400,1446,1715,1740,1458,1732,25,0,0,0,0,False,False,Z
1485068,2010-03-07,ATL,LGA,FL,N290AT,362,1400,1400,1610,1611,1422,1606,0,0,0,0,0,False,False,Z
1485069,2010-03-07,LGA,RDU,MQ,N851MQ,4411,1400,1354,1540,1535,1415,1530,0,0,0,0,0,False,False,Z
1485070,2010-03-07,BOS,LGA,US,N967UW,2131,1400,1355,1517,1456,1406,1451,0,0,0,0,0,False,False,Z
1485071,2010-03-07,DCA,LGA,US,N742PS,2174,1400,1355,1525,1513,1427,1507,0,0,0,0,0,False,False,Z
1485072,2010-03-07,LGA,BOS,US,N951UW,2130,1400,1355,1504,1459,1418,1456,0,0,0,0,0,False,False,Z
1485073,2010-03-07,RDU,LGA,MQ,N728MQ,4401,1410,1434,1555,1556,1447,1551,0,0,0,0,0,False,False,Z
1485074,2010-03-07,DFW,LGA,AA,N4WVAA,736,1415,1420,1845,1818,1431,1809,0,0,0,0,0,False,False,Z
1485075,2010-03-07,MCO,LGA,DL,N921DL,1682,1415,1447,1655,1725,1506,1715,8,0,0,0,22,False,False,Z
1485076,2010-03-07,MEM,LGA,DL,N302NB,2550,1415,1418,1803,1817,1433,1748,0,0,0,0,0,False,False,Z
1485077,2010-03-07,ORD,LGA,UA,N837UA,681,1415,1412,1724,1707,1429,1705,0,0,0,0,0,False,False,Z
1485078,2010-03-07,CAK,LGA,FL,N284AT,207,1420,1459,1544,1620,1514,1616,0,0,0,0,36,False,False,Z
1485079,2010-03-07,LGA,MIA,AA,N610AA,1621,1425,1440,1740,1733,1502,1729,0,0,0,0,0,False,False,Z
1485080,2010-03-07,CLT,LGA,US,N124US,1182,1427,1432,1616,1616,1454,1611,0,0,0,0,0,False,False,Z
1485081,2010-03-07,LGA,PBI,DL,N941DL,1163,1429,1420,1755,1701,1438,1658,0,0,0,0,0,False,False,Z
1485082,2010-03-07,LGA,MSY,DL,N322NB,2535,1429,1426,1706,1637,1441,1632,0,0,0,0,0,False,False,Z
1485083,2010-03-07,RSW,LGA,DL,N335NB,2548,1429,1426,1719,1707,1440,1702,0,0,0,0,0,False,False,Z
1485084,2010-03-07,LGA,IAD,EV,N877AS,7027,1429,1429,1557,1538,1446,1534,0,0,0,0,0,False,False,Z
1485085,2010-03-07,STL,LGA,AA,N452AA,1104,1430,1425,1755,1737,1438,1733,0,0,0,0,0,False,False,Z
1485086,2010-03-07,LGA,JAX,OH,N582CA,6494,1433,1430,1726,1650,1451,1640,0,0,0,0,0,False,False,Z
1485087,2010-03-07,IAD,LGA,XE,N12175,5719,1433,1430,1600,1526,1440,1522,0,0,0,0,0,False,False,Z
1485088,2010-03-07,LGA,MCO,DL,N907DE,1219,1435,1459,1740,1745,1525,1740,0,0,0,0,0,False,False,Z
1485089,2010-03-07,LGA,DTW,MQ,N739MQ,4485,1435,1522,1640,1706,1544,1702,0,0,26,0,0,False,False,Z
1485090,2010-03-07,ATL,LGA,DL,N693DL,1784,1440,1440,1659,1656,1456,1642,0,0,0,0,0,False,False,Z
1485091,2010-03-07,LGA,DTW,DL,N752NW,7355,1440,1435,1644,1638,1512,1632,0,0,0,0,0,False,False,Z
1485092,2010-03-07,LGA,DFW,AA,N4XUAA,753,1445,1440,1800,1742,1458,1726,0,0,0,0,0,False,False,Z
1485093,2010-03-07,LGA,IAH,CO,N59630,133,1445,1442,1755,1805,1506,1755,0,0,0,0,0,False,False,Z
1485094,2010-03-07,LGA,CLE,MQ,N717MQ,4587,1445,1442,1635,1615,1500,1609,0,0,0,0,0,False,False,Z
1485095,2010-03-07,LGA,CLT,US,N189UW,1543,1445,1437,1647,1624,1457,1617,0,0,0,0,0,False,False,Z
1485096,2010-03-07,LGA,FLL,DL,N923DL,1505,1446,1443,1805,1758,1523,1753,0,0,0,0,0,False,False,Z
1485097,2010-03-07,LGA,ORD,UA,N426UA,685,1448,1444,1623,1606,1503,1557,0,0,0,0,0,False,False,Z
1485098,2010-03-07,ATL,LGA,FL,N930AT,337,1450,1448,1700,1658,1509,1652,0,0,0,0,0,False,False,Z
1485099,2010-03-07,MKE,LGA,FL,N315AT,509,1451,1450,1755,1747,1500,1743,0,0,0,0,0,False,False,Z
1485100,2010-03-07,FLL,LGA,DL,N969DL,1498,1454,1630,1759,1933,1654,1924,0,0,4,0,90,False,False,Z
1485101,2010-03-07,LGA,DEN,UA,N523UA,745,1455,1612,1729,1829,1641,1824,0,0,0,0,60,False,False,Z
1485102,2010-03-07,LGA,MCO,B6,N633JB,395,1459,1455,1754,1734,1518,1727,0,0,0,0,0,False,False,Z
1485103,2010-03-07,LGA,ATL,DL,N699DL,429,1500,1504,1749,1730,1530,1722,0,0,0,0,0,False,False,Z
1485104,2010-03-07,LGA,RDU,MQ,N821MQ,4416,1500,9999,1645,9999,9999,9999,9999,9999,9999,9999,9999,True,False,A
1485105,2010-03-07,BOS,LGA,US,N949UW,2133,1500,1450,1614,1559,1506,1550,0,0,0,0,0,False,False,Z
1485106,2010-03-07,DCA,LGA,US,(null),2176,1500,9999,1622,9999,9999,9999,9999,9999,9999,9999,9999,True,False,A
1485107,2010-03-07,LGA,BOS,US,N944UW,2132,1500,1451,1610,1558,1517,1555,0,0,0,0,0,False,False,Z
1485108,2010-03-07,LGA,DCA,US,N710UW,2179,1500,1451,1614,1551,1511,1549,0,0,0,0,0,False,False,Z
1485109,2010-03-07,MIA,LGA,AA,N5CFAA,1530,1505,1534,1810,1817,1545,1812,0,0,0,0,0,False,False,Z
1485110,2010-03-07,CMH,LGA,MQ,N716MQ,4557,1505,1459,1705,1650,1525,1634,0,0,0,0,0,False,False,Z
1485111,2010-03-07,MCO,LGA,B6,N663JB,398,1506,1515,1738,1748,1530,1744,0,0,0,0,0,False,False,Z
1485112,2010-03-07,DFW,LGA,AA,N466AA,738,1510,1505,1940,1919,1516,1912,0,0,0,0,0,False,False,Z
1485113,2010-03-07,TPA,LGA,DL,N349NB,2472,1510,1505,1748,1807,1519,1740,0,0,19,0,0,False,False,Z
1485114,2010-03-07,DEN,LGA,F9,N949FR,516,1510,1556,2052,2132,1611,2123,4,0,0,0,36,False,False,Z
1485115,2010-03-07,LGA,IND,9E,80399E,3814,1515,1510,1742,1724,1533,1719,0,0,0,0,0,False,False,Z
1485116,2010-03-07,MSP,LGA,DL,N368NB,2518,1515,1512,1859,1848,1531,1837,0,0,0,0,0,False,False,Z
1485117,2010-03-07,ORD,LGA,AA,N438AA,360,1520,1539,1835,1829,1550,1825,0,0,0,0,0,False,False,Z
1485118,2010-03-07,DTW,LGA,DL,N926NW,7266,1520,1519,1719,1705,1544,1656,0,0,0,0,0,False,False,Z
1485119,2010-03-07,LGA,ORD,AA,N489AA,335,1525,1716,1715,1841,1745,1833,5,0,0,0,81,False,False,Z
1485120,2010-03-07,LGA,RDU,OH,N963CA,6450,1528,1525,1735,1712,1558,1701,0,0,0,0,0,False,False,Z
1485121,2010-03-07,LGA,BOS,DL,N977DL,1388,1530,1530,1645,1639,1554,1632,0,0,0,0,0,False,False,Z
1485122,2010-03-07,BOS,LGA,DL,N905DE,1391,1530,1523,1644,1633,1543,1628,0,0,0,0,0,False,False,Z
1485123,2010-03-07,LGA,RDU,MQ,N734MQ,4612,1530,1526,1715,1653,1542,1648,0,0,0,0,0,False,False,Z
1485124,2010-03-07,LGA,BWI,WN,N275WN,68,1530,1534,1700,1644,1555,1639,0,0,0,0,0,False,False,Z
1485125,2010-03-07,ATL,LGA,DL,N634DL,1786,1540,1539,1803,1751,1551,1738,0,0,0,0,0,False,False,Z
1485126,2010-03-07,LGA,CMH,MQ,N735MQ,4571,1540,1535,1735,1737,1603,1730,0,0,0,0,0,False,False,Z
1485127,2010-03-07,LGA,TPA,DL,N319NB,2508,1545,1537,1856,1826,1600,1822,0,0,0,0,0,False,False,Z
1485128,2010-03-07,IND,LGA,FL,N979AT,896,1545,1543,1755,1722,1552,1718,0,0,0,0,0,False,False,Z
1485129,2010-03-07,CLE,LGA,XE,N14902,3154,1545,1542,1724,1720,1558,1716,0,0,0,0,0,False,False,Z
1485130,2010-03-07,LGA,MIA,AA,N5DWAA,601,1550,1543,1910,1848,1607,1830,0,0,0,0,0,False,False,Z
1485131,2010-03-07,RDU,LGA,MQ,N738MQ,4430,1550,1556,1730,1723,1608,1712,0,0,0,0,0,False,False,Z
1485132,2010-03-07,DTW,LGA,MQ,N725MQ,4593,1550,1544,1745,1727,1609,1721,0,0,0,0,0,False,False,Z
1485133,2010-03-07,IAH,LGA,CO,N78509,632,1555,1635,2029,2043,1650,2038,0,0,0,0,0,False,False,Z
1485134,2010-03-07,LGA,MEM,DL,N325NB,2387,1559,1555,1806,1753,1627,1747,0,0,0,0,0,False,False,Z
1485135,2010-03-07,LGA,BNA,AA,N4YHAA,1741,1600,1552,1740,1722,1620,1718,0,0,0,0,0,False,False,Z
1485136,2010-03-07,ORD,LGA,AA,N5DDAA,2378,1600,1735,1920,2028,1751,2025,64,0,0,0,4,False,False,Z
1485137,2010-03-07,LGA,ATL,DL,N673DL,1789,1600,1610,1846,1840,1643,1830,0,0,0,0,0,False,False,Z
1485138,2010-03-07,BOS,LGA,US,N951UW,2135,1600,1553,1714,1702,1605,1656,0,0,0,0,0,False,False,Z
1485139,2010-03-07,DCA,LGA,US,N767UW,2178,1600,1553,1716,1651,1607,1645,0,0,0,0,0,False,False,Z
1485140,2010-03-07,LGA,BOS,US,N967UW,2134,1600,1553,1713,1655,1609,1652,0,0,0,0,0,False,False,Z
1485141,2010-03-07,LGA,DCA,US,N742PS,2181,1600,1548,1714,1706,1618,1703,0,0,0,0,0,False,False,Z
1485142,2010-03-07,BOS,LGA,MQ,N856MQ,4523,1605,1600,1725,1708,1611,1658,0,0,0,0,0,False,False,Z
1485143,2010-03-07,LGA,MSP,DL,N357NB,2331,1606,1824,1825,2020,1855,2015,19,0,0,0,96,False,False,Z
1485144,2010-03-07,LGA,DFW,AA,N525AA,759,1610,1609,1925,1910,1639,1900,0,0,0,0,0,False,False,Z
1485145,2010-03-07,RDU,LGA,OH,N549CA,6587,1610,1630,1802,1821,1648,1756,0,0,19,0,0,False,False,Z
1485146,2010-03-07,CLT,LGA,US,N104UW,1490,1611,1607,1802,1750,1627,1746,0,0,0,0,0,False,False,Z
1485147,2010-03-07,LGA,PBI,B6,N519JB,369,1615,1605,1914,1913,1652,1909,0,0,0,0,0,False,False,Z
1485148,2010-03-07,LGA,CLE,CO,N14652,1057,1615,1612,1807,1759,1646,1754,0,0,0,0,0,False,False,Z
1485149,2010-03-07,MCO,LGA,DL,N967DL,1818,1616,1608,1900,1842,1622,1829,0,0,0,0,0,False,False,Z
1485150,2010-03-07,PBI,LGA,DL,N334NB,2534,1620,1619,1915,1907,1632,1901,0,0,0,0,0,False,False,Z
1485151,2010-03-07,LGA,MCI,OH,N693CA,6711,1620,1620,1852,1845,1700,1837,0,0,0,0,0,False,False,Z
1485152,2010-03-07,LGA,RDU,MQ,N728MQ,4482,1625,1637,1810,1822,1708,1817,0,0,0,0,0,False,False,Z
1485153,2010-03-07,DEN,LGA,UA,N457UA,406,1625,1648,2159,2205,1700,2202,0,0,0,0,0,False,False,Z
1485154,2010-03-07,LGA,ATL,FL,N284AT,369,1629,1701,1904,1933,1731,1922,0,0,0,0,29,False,False,Z
1485155,2010-03-07,LGA,IAD,XE,N12175,5719,1629,1624,1753,1749,1653,1740,0,0,0,0,0,False,False,Z
1485156,2010-03-07,LGA,IND,9E,88399E,3873,1630,1630,1902,1900,1711,1856,0,0,0,0,0,False,False,Z
1485157,2010-03-07,MIA,LGA,AA,N3BPAA,560,1630,1632,1945,1923,1648,1920,0,0,0,0,0,False,False,Z
1485158,2010-03-07,LGA,DTW,DL,N366NB,2167,1630,1628,1835,1825,1701,1818,0,0,0,0,0,False,False,Z
1485159,2010-03-07,DFW,LGA,AA,N468AA,742,1635,1634,2059,2046,1645,2042,0,0,0,0,0,False,False,Z
1485160,2010-03-07,ATL,LGA,FL,N972AT,401,1639,1803,1854,2016,1828,2012,0,0,0,0,82,False,False,Z
1485161,2010-03-07,ATL,LGA,DL,N6709,1788,1640,1639,1903,1847,1700,1840,0,0,0,0,0,False,False,Z
1485162,2010-03-07,RDU,LGA,MQ,N848MQ,4435,1640,1708,1825,1828,1721,1824,0,0,0,0,0,False,False,Z
1485163,2010-03-07,LGA,ORD,AA,N488AA,337,1645,1640,1835,1759,1707,1753,0,0,0,0,0,False,False,Z
1485164,2010-03-07,LGA,CVG,OH,N655CA,6462,1645,1645,1913,1915,1728,1908,0,0,0,0,0,False,False,Z
1485165,2010-03-07,CVG,LGA,OH,N554CA,6576,1648,1647,1859,1831,1659,1823,0,0,0,0,0,False,False,Z
1485166,2010-03-07,LGA,STL,AA,N560AA,2223,1650,1647,1845,1836,1714,1832,0,0,0,0,0,False,False,Z
1485167,2010-03-07,LGA,MKE,FL,N290AT,510,1650,1650,1819,1800,1712,1753,0,0,0,0,0,False,False,Z
1485168,2010-03-07,LGA,ATL,DL,N978DL,1791,1659,1657,1950,1943,1737,1936,0,0,0,0,0,False,False,Z
1485169,2010-03-07,LGA,IAH,CO,N35204,1433,1700,1657,2003,1952,1722,1943,0,0,0,0,0,False,False,Z
1485170,2010-03-07,LGA,BOS,MQ,N724MQ,4497,1700,1657,1815,1809,1729,1803,0,0,0,0,0,False,False,Z
1485171,2010-03-07,CLE,LGA,MQ,N717MQ,4528,1700,1654,1850,1830,1705,1807,0,0,0,0,0,False,False,Z
1485172,2010-03-07,ORD,LGA,UA,N486UA,690,1700,1744,2020,2038,1756,2033,0,0,0,0,18,False,False,Z
1485173,2010-03-07,BOS,LGA,US,N944UW,2137,1700,1651,1819,1805,1704,1755,0,0,0,0,0,False,False,Z
1485174,2010-03-07,DCA,LGA,US,N710UW,2180,1700,1654,1823,1804,1711,1756,0,0,0,0,0,False,False,Z
1485175,2010-03-07,LGA,BOS,US,N949UW,2136,1700,1652,1812,1810,1726,1806,0,0,0,0,0,False,False,Z
1485176,2010-03-07,LGA,DCA,US,,2183,1700,9999,1813,9999,9999,9999,9999,9999,9999,9999,9999,True,False,A
1485177,2010-03-07,CLE,LGA,XE,N15910,3084,1700,1654,1842,1818,1708,1814,0,0,0,0,0,False,False,Z
1485178,2010-03-07,IAD,LGA,YV,N515MJ,7263,1700,1659,1820,1800,1713,1758,0,0,0,0,0,False,False,Z
1485179,2010-03-07,DTW,LGA,MQ,N739MQ,4576,1705,1724,1900,1852,1734,1845,0,0,0,0,0,False,False,Z
1485180,2010-03-07,LGA,CLT,US,N124US,1602,1705,1702,1911,1907,1739,1902,0,0,0,0,0,False,False,Z
1485181,2010-03-07,ORD,LGA,AA,N517AA,352,1710,1711,2030,2012,1728,2005,0,0,0,0,0,False,False,Z
1485182,2010-03-07,LGA,MIA,AA,N5CJAA,1559,1710,1734,2025,2040,1805,2032,5,0,0,0,10,False,False,Z
1485183,2010-03-07,BWI,LGA,WN,N299WN,231,1710,1726,1820,1825,1741,1819,0,0,0,0,0,False,False,Z
1485184,2010-03-07,MSP,LGA,DL,N343NB,2514,1715,1714,2106,2042,1729,2037,0,0,0,0,0,False,False,Z
1485185,2010-03-07,LGA,RDU,MQ,N809MQ,4429,1720,1714,1905,1855,1739,1847,0,0,0,0,0,False,False,Z
1485186,2010-03-07,LGA,LEX,OH,N597SW,6682,1724,1714,1936,1930,1745,1920,0,0,0,0,0,False,False,Z
1485187,2010-03-07,LGA,DEN,UA,N569UA,409,1728,1727,2005,1949,1802,1943,0,0,0,0,0,False,False,Z
1485188,2010-03-07,PBI,LGA,B6,N618JB,364,1730,1744,2019,2020,1754,2017,0,0,0,0,0,False,False,Z
1485189,2010-03-07,LGA,BOS,DL,N905DE,1392,1730,1727,1843,1833,1750,1827,0,0,0,0,0,False,False,Z
1485190,2010-03-07,BOS,LGA,DL,N977DL,1395,1730,1727,1849,1833,1742,1827,0,0,0,0,0,False,False,Z
1485191,2010-03-07,FLL,LGA,DL,N962DL,1738,1730,1727,2031,2028,1741,2010,0,0,0,0,0,False,False,Z
1485192,2010-03-07,LGA,DEN,F9,N201FR,511,1730,1722,2003,1948,1757,1939,0,0,0,0,0,False,False,Z
1485193,2010-03-07,LGA,MDW,WN,N755SA,263,1730,1729,1935,1852,1758,1843,0,0,0,0,0,False,False,Z
1485194,2010-03-07,ORD,LGA,UA,N835UA,636,1731,1729,2050,2033,1753,2030,0,0,0,0,0,False,False,Z
1485195,2010-03-07,DEN,LGA,UA,N570UA,408,1732,1728,2259,2255,1748,2253,0,0,0,0,0,False,False,Z
1485196,2010-03-07,LGA,ORD,AA,N570AA,345,1735,1726,1925,1905,1752,1837,0,0,0,0,0,False,False,Z
1485197,2010-03-07,DTW,LGA,DL,N318US,2268,1735,1732,1934,1917,1744,1854,0,0,0,0,0,False,False,Z
1485198,2010-03-07,LGA,ATL,FL,N930AT,422,1735,1736,2015,2001,1807,1955,0,0,0,0,0,False,False,Z
1485199,2010-03-07,LGA,FLL,DL,N921DL,1221,1740,1810,2057,2120,1847,2115,0,0,0,0,23,False,False,Z
1485200,2010-03-07,ATL,LGA,DL,N922DL,1790,1740,1738,2010,1953,1802,1943,0,0,0,0,0,False,False,Z
1485201,2010-03-07,LGA,PBI,DL,N369NB,2361,1740,1742,2053,2101,1831,2054,0,0,0,0,0,False,False,Z
1485202,2010-03-07,RDU,LGA,MQ,N734MQ,4449,1740,1733,1920,1913,1751,1856,0,0,0,0,0,False,False,Z
1485203,2010-03-07,DFW,LGA,AA,N572AA,744,1745,1745,2215,2155,1804,2149,0,0,0,0,0,False,False,Z
1485204,2010-03-07,IAH,LGA,CO,N16732,1632,1745,1753,2224,2214,1818,2209,0,0,0,0,0,False,False,Z
1485205,2010-03-07,MSY,LGA,DL,N322NB,2282,1749,1748,2140,2127,1800,2120,0,0,0,0,0,False,False,Z
1485206,2010-03-07,LGA,DFW,AA,N581AA,763,1750,1745,2100,2032,1811,2026,0,0,0,0,0,False,False,Z
1485207,2010-03-07,TPA,LGA,DL,N317NB,2308,1755,1758,2039,2039,1819,2029,0,0,0,0,0,False,False,Z
1485208,2010-03-07,LGA,DTW,DL,N926NW,7357,1759,1752,2006,1952,1818,1936,0,0,0,0,0,False,False,Z
1485209,2010-03-07,JAX,LGA,OH,N582CA,6515,1759,1759,2031,2015,1812,2003,0,0,0,0,0,False,False,Z
1485210,2010-03-07,LGA,ATL,DL,N693DL,1793,1800,1754,2046,2033,1825,2015,0,0,0,0,0,False,False,Z
1485211,2010-03-07,CMH,LGA,MQ,N735MQ,4518,1800,1755,1955,1938,1809,1922,0,0,0,0,0,False,False,Z
1485212,2010-03-07,RDU,LGA,OH,N963CA,6536,1800,1800,1959,1945,1823,1927,0,0,0,0,0,False,False,Z
1485213,2010-03-07,BOS,LGA,US,N967UW,2139,1800,1754,1923,1918,1810,1909,0,0,0,0,0,False,False,Z
1485214,2010-03-07,DCA,LGA,US,N742PS,2182,1800,1755,1924,1856,1810,1851,0,0,0,0,0,False,False,Z
1485215,2010-03-07,LGA,BOS,US,N951UW,2138,1800,1754,1912,1912,1820,1859,0,0,0,0,0,False,False,Z
1485216,2010-03-07,LGA,DCA,US,N767UW,2185,1800,1754,1912,1859,1815,1857,0,0,0,0,0,False,False,Z
1485217,2010-03-07,LGA,PHL,US,N746UW,1285,1800,1752,1907,1908,1829,1902,0,0,0,0,0,False,False,Z
1485218,2010-03-07,LGA,CLE,XE,N14902,3155,1800,1805,1944,1942,1828,1935,0,0,0,0,0,False,False,Z
1485219,2010-03-07,LGA,ORD,UA,N837UA,682,1802,1755,1939,1919,1823,1910,0,0,0,0,0,False,False,Z
1485220,2010-03-07,FLL,LGA,B6,N534JB,378,1803,1801,2100,2047,1815,2043,0,0,0,0,0,False,False,Z
1485221,2010-03-07,LGA,RSW,DL,N335NB,2435,1805,1803,2125,2114,1835,2109,0,0,0,0,0,False,False,Z
1485222,2010-03-07,ORD,LGA,UA,N420UA,836,1805,2002,2124,2258,2020,2256,94,0,0,0,0,False,False,Z
1485223,2010-03-07,PHF,LGA,FL,N956AT,283,1807,1814,1924,1920,1822,1916,0,0,0,0,0,False,False,Z
1485224,2010-03-07,IND,LGA,9E,80399E,3979,1812,1809,2035,2018,1826,1958,0,0,0,0,0,False,False,Z
1485225,2010-03-07,ORD,LGA,AA,N454AA,350,1815,1809,2129,2103,1821,2100,0,0,0,0,0,False,False,Z
1485226,2010-03-07,CLT,LGA,US,N762US,1630,1815,1905,2010,2039,1917,2032,0,0,0,14,15,False,False,Z
1485227,2010-03-07,MDW,LGA,WN,N264LV,313,1815,1919,2120,2215,1931,2210,55,0,0,0,0,False,False,Z
1485228,2010-03-07,LGA,XNA,MQ,N720MQ,4413,1820,1816,2100,2034,1841,2031,0,0,0,0,0,False,False,Z
1485229,2010-03-07,ATL,LGA,FL,N288AT,365,1821,1821,2029,2024,1838,2020,0,0,0,0,0,False,False,Z
1485230,2010-03-07,LGA,FLL,B6,N663JB,381,1829,1840,2137,2138,1910,2134,0,0,0,0,0,False,False,Z
1485231,2010-03-07,LGA,CMH,MQ,N815MQ,4555,1829,1830,2025,2024,1903,2021,0,0,0,0,0,False,False,Z
1485232,2010-03-07,BNA,LGA,AA,N4YHAA,1684,1830,1821,2129,2117,1831,2111,0,0,0,0,0,False,False,Z
1485233,2010-03-07,LGA,ATL,FL,N979AT,357,1830,1827,2110,2057,1857,2046,0,0,0,0,0,False,False,Z
1485234,2010-03-07,LGA,ORD,AA,N452AA,353,1835,1830,2020,2003,1901,1945,0,0,0,0,0,False,False,Z
1485235,2010-03-07,LGA,MSP,DL,N349NB,2153,1835,1907,2056,2053,1935,2046,0,0,0,0,0,False,False,Z
1485236,2010-03-07,RDU,LGA,MQ,N728MQ,4475,1835,1845,2015,2017,1903,2006,0,0,0,0,0,False,False,Z
1485237,2010-03-07,PBI,LGA,DL,N941DL,1142,1840,1839,2146,2123,1858,2116,0,0,0,0,0,False,False,Z
1485238,2010-03-07,ATL,LGA,DL,N677DL,1792,1840,1848,2104,2105,1905,2046,0,0,0,0,0,False,False,Z
1485239,2010-03-07,BOS,LGA,MQ,N724MQ,4506,1840,1836,2000,1954,1854,1947,0,0,0,0,0,False,False,Z
1485240,2010-03-07,LGA,CRW,MQ,N725MQ,4517,1840,1839,2040,2022,1906,2019,0,0,0,0,0,False,False,Z
1485241,2010-03-07,LGA,IAH,CO,N23708,233,1845,1842,2141,2141,1909,2137,0,0,0,0,0,False,False,Z
1485242,2010-03-07,LGA,MCO,DL,N969DL,1489,1845,2015,2146,2302,2046,2257,0,0,0,0,76,False,False,Z
1485243,2010-03-07,LGA,IND,FL,N315AT,897,1845,1834,2105,2044,1859,2039,0,0,0,0,0,False,False,Z
1485244,2010-03-07,LGA,DFW,AA,N514AA,785,1850,1846,2200,2141,1913,2137,0,0,0,0,0,False,False,Z
1485245,2010-03-07,LGA,MDW,WN,N299WN,509,1850,1859,2050,2013,1923,2006,0,0,0,0,0,False,False,Z
1485246,2010-03-07,DFW,LGA,AA,N4XUAA,762,1855,2029,2310,33,2043,27,83,0,0,0,0,False,False,Z
1485247,2010-03-07,MIA,LGA,AA,N610AA,1876,1855,1905,2200,2144,1918,2142,0,0,0,0,0,False,False,Z
1485248,2010-03-07,IAH,LGA,CO,N76503,732,1855,1856,2325,2253,1904,2249,0,0,0,0,0,False,False,Z
1485249,2010-03-07,LGA,DTW,DL,N302NB,2179,1855,1855,2100,2057,1940,2052,0,0,0,0,0,False,False,Z
1485250,2010-03-07,MEM,LGA,DL,N337NW,2252,1855,1922,2237,2237,1934,2229,0,0,0,0,0,False,False,Z
1485251,2010-03-07,MKE,LGA,FL,N313AT,514,1855,1852,2159,2143,1901,2139,0,0,0,0,0,False,False,Z
1485252,2010-03-07,LGA,CLT,US,N104UW,1489,1859,1853,2101,2046,1917,2042,0,0,0,0,0,False,False,Z
1485253,2010-03-07,LGA,ATL,DL,N634DL,1795,1900,1857,2144,2131,1927,2118,0,0,0,0,0,False,False,Z
1485254,2010-03-07,MSP,LGA,DL,N360NB,2162,1900,1858,2242,2231,1920,2225,0,0,0,0,0,False,False,Z
1485255,2010-03-07,LGA,JAX,OH,N549CA,6504,1900,1900,2149,2156,1947,2150,0,0,0,0,0,False,False,Z
1485256,2010-03-07,BOS,LGA,US,N949UW,2141,1900,1914,2019,2018,1927,2011,0,0,0,0,0,False,False,Z
1485257,2010-03-07,DCA,LGA,US,,2184,1900,9999,2024,9999,9999,9999,9999,9999,9999,9999,9999,True,False,A
1485258,2010-03-07,LGA,BOS,US,N944UW,2140,1900,1855,2009,2003,1918,1959,0,0,0,0,0,False,False,Z
1485259,2010-03-07,LGA,DCA,US,N710UW,2187,1900,1850,2011,2001,1914,1953,0,0,0,0,0,False,False,Z
1485260,2010-03-07,LGA,BOS,MQ,N848MQ,4473,1905,1901,2020,2016,1929,2009,0,0,0,0,0,False,False,Z
1485261,2010-03-07,ORD,LGA,AA,N565AA,348,1910,1938,2220,2243,2000,2238,12,0,11,0,0,False,False,Z
1485262,2010-03-07,LGA,BNA,AA,N526AA,1551,1910,1901,2045,2022,1921,2017,0,0,0,0,0,False,False,Z
1485263,2010-03-07,ATL,LGA,FL,N937AT,364,1912,1909,2129,2111,1926,2106,0,0,0,0,0,False,False,Z
1485264,2010-03-07,MCO,LGA,B6,N524JB,396,1915,1935,2148,2201,1948,2156,0,0,0,0,0,False,False,Z
1485265,2010-03-07,LGA,IAD,YV,N515MJ,7329,1917,1912,2040,2032,1941,2026,0,0,0,0,0,False,False,Z
1485266,2010-03-07,LGA,TPA,DL,N355NB,2459,1920,2026,2224,2330,2105,2325,0,0,0,0,66,False,False,Z
1485267,2010-03-07,MCI,LGA,OH,N693CA,6712,1922,1920,2259,2255,1937,2252,0,0,0,0,0,False,False,Z
1485268,2010-03-07,DTW,LGA,DL,N8923E,7310,1925,1959,2126,2135,2011,2126,0,0,0,0,0,False,False,Z
1485269,2010-03-07,LGA,CLE,XE,N15910,3087,1925,1915,2109,2058,1948,2051,0,0,0,0,0,False,False,Z
1485270,2010-03-07,CLE,LGA,XE,N14972,3150,1925,1920,2100,2045,1932,2039,0,0,0,0,0,False,False,Z
1485271,2010-03-07,MCO,LGA,DL,N902DE,1112,1929,1925,2211,2154,1939,2146,0,0,0,0,0,False,False,Z
1485272,2010-03-07,LGA,CAK,FL,N972AT,208,1929,2045,2101,2202,2059,2159,0,0,0,0,61,False,False,Z
1485273,2010-03-07,BOS,LGA,DL,N905DE,1399,1930,1922,2048,2034,1942,2026,0,0,0,0,0,False,False,Z
1485274,2010-03-07,LGA,MIA,AA,N5CFAA,553,1935,1948,2240,2241,2013,2235,0,0,0,0,0,False,False,Z
1485275,2010-03-07,STL,LGA,AA,N560AA,1060,1935,1936,2255,2248,1947,2242,0,0,0,0,0,False,False,Z
1485276,2010-03-07,RDU,LGA,MQ,N722MQ,4445,1935,1926,2120,2056,1945,2050,0,0,0,0,0,False,False,Z
1485277,2010-03-07,ATL,LGA,DL,N688DL,1794,1940,1941,2159,2152,2005,2145,0,0,0,0,0,False,False,Z
1485278,2010-03-07,LGA,RDU,OH,N554CA,6543,1943,1943,2145,2118,2004,2112,0,0,0,0,0,False,False,Z
1485279,2010-03-07,LGA,FLL,DL,N967DL,1509,1945,1941,2302,2241,2010,2236,0,0,0,0,0,False,False,Z
1485280,2010-03-07,FLL,LGA,DL,N995DL,1802,1945,1947,2244,2239,2007,2232,0,0,0,0,0,False,False,Z
1485281,2010-03-07,LGA,PBI,DL,N368NB,2461,1945,1934,2302,2230,2001,2223,0,0,0,0,0,False,False,Z
1485282,2010-03-07,LGA,RDU,MQ,N835MQ,4438,1945,1941,2130,2121,2007,2117,0,0,0,0,0,False,False,Z
1485283,2010-03-07,CVG,LGA,OH,N391CA,6436,1951,1951,2159,2151,2013,2143,0,0,0,0,0,False,False,Z
1485284,2010-03-07,ORD,LGA,AA,N441AA,346,1955,2023,2305,2324,2040,2317,19,0,0,0,0,False,False,Z
1485285,2010-03-07,LGA,PHF,FL,N956AT,915,1959,1955,2118,2119,2024,2115,0,0,0,0,0,False,False,Z
1485286,2010-03-07,LGA,ORD,AA,N438AA,365,2000,1958,2135,2123,2027,2117,0,0,0,0,0,False,False,Z
1485287,2010-03-07,LGA,DFW,AA,N4WVAA,787,2000,2015,2305,2305,2040,2300,0,0,0,0,0,False,False,Z
1485288,2010-03-07,LGA,ATL,DL,N6709,1797,2000,2005,2240,2230,2039,2224,0,0,0,0,0,False,False,Z
1485289,2010-03-07,LGA,DTW,MQ,N738MQ,4620,2000,1959,2205,2158,2034,2152,0,0,0,0,0,False,False,Z
1485290,2010-03-07,LGA,ORD,UA,N821UA,623,2000,2146,2134,2248,2157,2242,32,0,0,0,42,False,False,Z
1485291,2010-03-07,BOS,LGA,US,N951UW,2143,2000,2004,2114,2106,2015,2101,0,0,0,0,0,False,False,Z
1485292,2010-03-07,CLT,LGA,US,N177US,1124,2000,2016,2147,2205,2041,2158,15,0,2,0,1,False,False,Z
1485293,2010-03-07,DCA,LGA,US,N767UW,2186,2000,1953,2131,2102,2019,2058,0,0,0,0,0,False,False,Z
1485294,2010-03-07,LGA,BOS,US,N967UW,2142,2000,1952,2108,2107,2018,2059,0,0,0,0,0,False,False,Z
1485295,2010-03-07,LGA,DCA,US,N742PS,2189,2000,1946,2112,2109,2008,2052,0,0,0,0,0,False,False,Z
1485296,2010-03-07,MIA,LGA,AA,N632AA,1226,2015,2033,2315,2311,2046,2308,0,0,0,0,0,False,False,Z
1485297,2010-03-07,FLL,LGA,B6,N598JB,382,2015,2016,2304,2300,2030,2255,0,0,0,0,0,False,False,Z
1485298,2010-03-07,DFW,LGA,AA,N525AA,766,2020,2045,35,34,2055,30,0,0,0,0,0,False,False,Z
1485299,2010-03-07,MDW,LGA,WN,N418WN,488,2020,2020,2320,2312,2026,2304,0,0,0,0,0,False,False,Z
1485300,2010-03-07,LGA,MSY,DL,N334NB,2463,2030,2030,2308,2243,2049,2239,0,0,0,0,0,False,False,Z
1485301,2010-03-07,LGA,CLE,MQ,N734MQ,4491,2035,2024,2220,2157,2044,2151,0,0,0,0,0,False,False,Z
1485302,2010-03-07,ORD,LGA,AA,N262AA,336,2040,2035,2340,2343,2059,2338,0,0,0,0,0,False,False,Z
1485303,2010-03-07,ATL,LGA,DL,N608DA,1796,2040,2054,2304,2314,2127,2302,0,0,0,0,0,False,False,Z
1485304,2010-03-07,LGA,BOS,MQ,N735MQ,4489,2040,2032,2155,2135,2057,2133,0,0,0,0,0,False,False,Z
1485305,2010-03-07,ATL,LGA,FL,N945AT,358,2055,2104,2307,2326,2132,2313,9,0,10,0,0,False,False,Z
1485306,2010-03-07,LGA,STL,AA,N466AA,2019,2059,2053,2239,2220,2112,2216,0,0,0,0,0,False,False,Z
1485307,2010-03-07,LGA,ATL,DL,N922DL,1799,2100,2056,2336,2315,2119,2305,0,0,0,0,0,False,False,Z
1485308,2010-03-07,LGA,CMH,MQ,N728MQ,4588,2100,2058,2255,2243,2121,2236,0,0,0,0,0,False,False,Z
1485309,2010-03-07,BOS,LGA,US,N944UW,2145,2100,2053,2210,2156,2106,2151,0,0,0,0,0,False,False,Z
1485310,2010-03-07,DCA,LGA,US,N710UW,2188,2100,2054,2213,2157,2117,2153,0,0,0,0,0,False,False,Z
1485311,2010-03-07,LGA,BOS,US,N949UW,2144,2100,2047,2204,2149,2107,2145,0,0,0,0,0,False,False,Z
1485312,2010-03-07,LGA,DCA,US,,2191,2100,9999,2208,9999,9999,9999,9999,9999,9999,9999,9999,True,False,A
1485313,2010-03-07,ORD,LGA,UA,N406UA,694,2104,2118,2359,11,2135,9,0,0,0,0,0,False,False,Z
1485314,2010-03-07,LGA,MIA,AA,N3BPAA,1563,2105,2055,5,2354,2114,2340,0,0,0,0,0,False,False,Z
1485315,2010-03-07,LGA,MCO,B6,N618JB,399,2105,2103,2353,2341,2123,2336,0,0,0,0,0,False,False,Z
1485316,2010-03-07,LGA,MCO,DL,N962DL,1809,2111,2105,14,2343,2125,2338,0,0,0,0,0,False,False,Z
1485317,2010-03-07,LGA,CVG,OH,N582CA,6438,2113,2113,2332,2312,2134,2306,0,0,0,0,0,False,False,Z
1485318,2010-03-07,LGA,TYS,9E,80399E,3916,2119,2109,2324,2310,2134,2308,0,0,0,0,0,False,False,Z
1485319,2010-03-07,MIA,LGA,AA,N5CJAA,1260,2130,2206,20,50,2218,44,30,0,0,0,0,False,False,Z
1485320,2010-03-07,ATL,LGA,DL,N645DL,1798,2140,2205,2357,17,2229,6,20,0,0,0,0,False,False,Z
1485321,2010-03-07,LGA,FLL,B6,N534JB,383,2145,2155,36,31,2207,27,0,0,0,0,0,False,False,Z
1485322,2010-03-07,DTW,LGA,DL,N365NB,2140,2145,2150,2335,2327,2209,2322,0,0,0,0,0,False,False,Z
1485323,2010-03-07,LGA,ORD,AA,N517AA,371,2200,2155,2325,2303,2204,2256,0,0,0,0,0,False,False,Z
1485324,2010-03-07,IAD,LGA,EV,N909EV,7004,2205,2205,2313,2310,2226,2306,0,0,0,0,0,False,False,Z
1485325,2010-03-07,CLT,LGA,US,N171US,1632,2208,2216,2344,2353,2231,2346,0,0,0,0,0,False,False,Z
1485326,2010-03-07,PHL,LGA,US,N956UW,1290,2250,2244,2345,2336,2258,2331,0,0,0,0,0,False,False,Z
